Protein1,Protein2,AbsPos1,AbsPos2,Type,ld-Score
sp|P07703|RPAC1_YEAST,sp|P22138|RPA2_YEAST,148,30,xlink,43.52
sp|P20434|RPAB1_YEAST,sp|P20435|RPAB2_YEAST,171,72,xlink,44.68
sp|P10964|RPA1_YEAST,sp|P20434|RPAB1_YEAST,1110,201,xlink,40.02
sp|P10964|RPA1_YEAST,sp|P22138|RPA2_YEAST,1376,916,xlink,39.70
sp|P47006|RPA34_YEAST,sp|Q01080|RPA49_YEAST,135,86,xlink,33.30
sp|P22138|RPA2_YEAST,sp|P10964|RPA1_YEAST,916,612,xlink,51.71
sp|P10964|RPA1_YEAST,sp|P22138|RPA2_YEAST,1376,924,xlink,42.08
sp|P50106|RPA14_YEAST,sp|P20435|RPAB2_YEAST,117,70,xlink,14.03
sp|P07703|RPAC1_YEAST,sp|P22138|RPA2_YEAST,290,612,xlink,13.93
sp|P10964|RPA1_YEAST,sp|P10964|RPA1_YEAST,1119,1107,xlink,43.03
sp|P10964|RPA1_YEAST,sp|P10964|RPA1_YEAST,259,267,xlink,41.14
sp|Q01080|RPA49_YEAST,sp|Q01080|RPA49_YEAST,170,211,xlink,41.68
sp|P22138|RPA2_YEAST,sp|P22138|RPA2_YEAST,916,924,xlink,44.03
sp|P10964|RPA1_YEAST,sp|P10964|RPA1_YEAST,225,226,intralink,45.75
sp|Q01080|RPA49_YEAST,sp|Q01080|RPA49_YEAST,114,116,intralink,32.23
sp|P10964|RPA1_YEAST,sp|P22138|RPA2_YEAST,1376,740,xlink,42.44
sp|P10964|RPA1_YEAST,sp|Q01080|RPA49_YEAST,250,170,xlink,39.92
sp|P10964|RPA1_YEAST,sp|Q01080|RPA49_YEAST,250,306,xlink,37.63
sp|Q01080|RPA49_YEAST,sp|P22138|RPA2_YEAST,211,140,xlink,37.96
sp|Q01080|RPA49_YEAST,sp|P10964|RPA1_YEAST,223,410,xlink,38.90
sp|P20434|RPAB1_YEAST,sp|P10964|RPA1_YEAST,171,1103,xlink,35.25
sp|P47006|RPA34_YEAST,sp|Q01080|RPA49_YEAST,49,86,xlink,40.34
sp|P47006|RPA34_YEAST,sp|P28000|RPAC2_YEAST,195,138,xlink,38.48
sp|P10964|RPA1_YEAST,sp|P22138|RPA2_YEAST,1376,808,xlink,35.33
sp|P10964|RPA1_YEAST,sp|Q01080|RPA49_YEAST,410,211,xlink,35.00
sp|P10964|RPA1_YEAST,sp|P22138|RPA2_YEAST,612,1043,xlink,46.59
sp|P10964|RPA1_YEAST,sp|Q01080|RPA49_YEAST,250,135,xlink,32.67
sp|Q01080|RPA49_YEAST,sp|P10964|RPA1_YEAST,306,267,xlink,36.20
sp|P10964|RPA1_YEAST,sp|P20434|RPAB1_YEAST,1115,24,xlink,30.37
sp|P10964|RPA1_YEAST,sp|P20434|RPAB1_YEAST,1516,201,xlink,40.39
sp|P10964|RPA1_YEAST,sp|Q01080|RPA49_YEAST,1376,170,xlink,32.54
sp|P10964|RPA1_YEAST,sp|Q01080|RPA49_YEAST,410,170,xlink,36.52
sp|P22138|RPA2_YEAST,sp|Q01080|RPA49_YEAST,77,116,xlink,30.01
sp|P10964|RPA1_YEAST,sp|P22138|RPA2_YEAST,1379,740,xlink,30.59
sp|P22138|RPA2_YEAST,sp|P22139|RPAB5_YEAST,513,68,xlink,29.29
sp|P32529|RPA12_YEAST,sp|P10964|RPA1_YEAST,83,756,xlink,34.75
sp|P10964|RPA1_YEAST,sp|P20434|RPAB1_YEAST,1143,201,xlink,33.07
sp|P10964|RPA1_YEAST,sp|P47006|RPA34_YEAST,597,31,xlink,22.61
sp|P22139|RPAB5_YEAST,sp|P10964|RPA1_YEAST,68,462,xlink,20.85
sp|Q01080|RPA49_YEAST,sp|P10964|RPA1_YEAST,227,1334,xlink,31.24
sp|Q01080|RPA49_YEAST,sp|Q01080|RPA49_YEAST,170,139,xlink,42.47
sp|P10964|RPA1_YEAST,sp|P10964|RPA1_YEAST,1107,1103,xlink,40.91
sp|P22138|RPA2_YEAST,sp|P22138|RPA2_YEAST,1043,916,xlink,46.89
sp|P22138|RPA2_YEAST,sp|P22138|RPA2_YEAST,1144,1139,xlink,41.11
sp|P10964|RPA1_YEAST,sp|P10964|RPA1_YEAST,232,267,xlink,42.31
sp|P10964|RPA1_YEAST,sp|P10964|RPA1_YEAST,1110,1103,xlink,40.18
sp|P22138|RPA2_YEAST,sp|P22138|RPA2_YEAST,1043,924,xlink,41.88
sp|P10964|RPA1_YEAST,sp|P10964|RPA1_YEAST,171,111,xlink,39.19
sp|Q01080|RPA49_YEAST,sp|Q01080|RPA49_YEAST,393,170,xlink,42.63
sp|Q01080|RPA49_YEAST,sp|Q01080|RPA49_YEAST,306,170,xlink,40.91
sp|Q01080|RPA49_YEAST,sp|Q01080|RPA49_YEAST,306,282,xlink,39.42
sp|P10964|RPA1_YEAST,sp|P10964|RPA1_YEAST,910,848,xlink,41.80
sp|P22138|RPA2_YEAST,sp|P22138|RPA2_YEAST,106,120,xlink,39.33
sp|P10964|RPA1_YEAST,sp|P10964|RPA1_YEAST,1119,1110,xlink,41.31
sp|Q01080|RPA49_YEAST,sp|Q01080|RPA49_YEAST,116,112,xlink,38.44
sp|P10964|RPA1_YEAST,sp|P10964|RPA1_YEAST,1376,450,xlink,37.34
sp|P10964|RPA1_YEAST,sp|P10964|RPA1_YEAST,1119,1103,xlink,36.39
sp|P10964|RPA1_YEAST,sp|P10964|RPA1_YEAST,405,410,xlink,39.03
sp|Q01080|RPA49_YEAST,sp|Q01080|RPA49_YEAST,135,139,xlink,35.89
sp|P10964|RPA1_YEAST,sp|P10964|RPA1_YEAST,225,245,xlink,35.51
sp|P10964|RPA1_YEAST,sp|P10964|RPA1_YEAST,250,1376,xlink,35.16
sp|P10964|RPA1_YEAST,sp|P10964|RPA1_YEAST,259,242,xlink,33.61
sp|P10964|RPA1_YEAST,sp|P10964|RPA1_YEAST,848,841,xlink,43.85
sp|P22138|RPA2_YEAST,sp|P22138|RPA2_YEAST,1043,740,xlink,45.67
sp|P10964|RPA1_YEAST,sp|P10964|RPA1_YEAST,910,841,xlink,40.20
sp|Q01080|RPA49_YEAST,sp|Q01080|RPA49_YEAST,306,135,xlink,36.98
sp|P10964|RPA1_YEAST,sp|P10964|RPA1_YEAST,111,267,xlink,40.10
sp|P50106|RPA14_YEAST,sp|P50106|RPA14_YEAST,118,131,xlink,40.30
sp|P10964|RPA1_YEAST,sp|P10964|RPA1_YEAST,250,450,xlink,38.62
sp|P20434|RPAB1_YEAST,sp|P20434|RPAB1_YEAST,171,166,xlink,39.34
sp|P22138|RPA2_YEAST,sp|P22138|RPA2_YEAST,805,740,xlink,39.35
sp|P47006|RPA34_YEAST,sp|P47006|RPA34_YEAST,208,191,xlink,34.41
sp|P20434|RPAB1_YEAST,sp|P20434|RPAB1_YEAST,197,201,xlink,39.77
sp|Q01080|RPA49_YEAST,sp|Q01080|RPA49_YEAST,306,211,xlink,36.63
sp|Q01080|RPA49_YEAST,sp|Q01080|RPA49_YEAST,306,112,xlink,30.07
sp|P10964|RPA1_YEAST,sp|P10964|RPA1_YEAST,1516,1110,xlink,34.66
sp|Q01080|RPA49_YEAST,sp|Q01080|RPA49_YEAST,230,223,xlink,32.58
sp|Q01080|RPA49_YEAST,sp|Q01080|RPA49_YEAST,306,116,xlink,30.52
sp|P10964|RPA1_YEAST,sp|P10964|RPA1_YEAST,1363,1376,xlink,30.01
sp|P10964|RPA1_YEAST,sp|P10964|RPA1_YEAST,1363,225,xlink,31.63
sp|P10964|RPA1_YEAST,sp|P10964|RPA1_YEAST,217,225,xlink,37.66
sp|Q01080|RPA49_YEAST,sp|Q01080|RPA49_YEAST,135,170,xlink,36.76
sp|Q01080|RPA49_YEAST,sp|Q01080|RPA49_YEAST,135,112,xlink,26.48
sp|Q01080|RPA49_YEAST,sp|Q01080|RPA49_YEAST,139,211,xlink,39.53
sp|P47006|RPA34_YEAST,sp|P47006|RPA34_YEAST,167,191,xlink,24.30
sp|P22138|RPA2_YEAST,sp|P22138|RPA2_YEAST,77,441,xlink,35.35
sp|Q01080|RPA49_YEAST,sp|Q01080|RPA49_YEAST,223,135,xlink,23.52
sp|P50106|RPA14_YEAST,sp|P50106|RPA14_YEAST,117,130,xlink,20.52
sp|P47006|RPA34_YEAST,sp|P47006|RPA34_YEAST,208,209,intralink,49.06
sp|Q01080|RPA49_YEAST,sp|Q01080|RPA49_YEAST,45,48,intralink,43.50
sp|P47006|RPA34_YEAST,sp|P47006|RPA34_YEAST,208,210,intralink,42.35
sp|P10964|RPA1_YEAST,sp|P10964|RPA1_YEAST,1107,1110,intralink,46.59
sp|P10964|RPA1_YEAST,sp|P10964|RPA1_YEAST,405,408,intralink,41.18
sp|P10964|RPA1_YEAST,sp|P10964|RPA1_YEAST,1119,1126,intralink,36.54
sp|Q01080|RPA49_YEAST,sp|Q01080|RPA49_YEAST,398,402,intralink,37.99
sp|Q01080|RPA49_YEAST,sp|Q01080|RPA49_YEAST,135,136,intralink,36.65
sp|Q01080|RPA49_YEAST,sp|Q01080|RPA49_YEAST,135,138,intralink,31.99
sp|P10964|RPA1_YEAST,sp|P10964|RPA1_YEAST,218,225,intralink,19.49
sp|P10964|RPA1_YEAST,sp|P20434|RPAB1_YEAST,195,161,xlink,49.94
sp|Q01080|RPA49_YEAST,sp|P22138|RPA2_YEAST,306,140,xlink,41.23
sp|P10964|RPA1_YEAST,sp|P32529|RPA12_YEAST,866,68,xlink,35.73
sp|P47006|RPA34_YEAST,sp|P22138|RPA2_YEAST,158,6,xlink,37.04
sp|Q01080|RPA49_YEAST,sp|P10964|RPA1_YEAST,153,250,xlink,33.85
sp|P10964|RPA1_YEAST,sp|Q01080|RPA49_YEAST,405,211,xlink,31.26
sp|P10964|RPA1_YEAST,sp|P10964|RPA1_YEAST,372,469,xlink,45.64
sp|Q01080|RPA49_YEAST,sp|Q01080|RPA49_YEAST,170,282,xlink,37.74
sp|Q01080|RPA49_YEAST,sp|Q01080|RPA49_YEAST,241,227,xlink,37.29
sp|P10964|RPA1_YEAST,sp|P10964|RPA1_YEAST,232,111,xlink,40.76
sp|P22138|RPA2_YEAST,sp|P22138|RPA2_YEAST,1150,1139,xlink,35.07
sp|Q01080|RPA49_YEAST,sp|Q01080|RPA49_YEAST,99,106,xlink,42.63
sp|Q01080|RPA49_YEAST,sp|Q01080|RPA49_YEAST,306,139,xlink,39.69
sp|P10964|RPA1_YEAST,sp|P10964|RPA1_YEAST,171,267,xlink,34.79
sp|P10964|RPA1_YEAST,sp|P10964|RPA1_YEAST,1376,225,xlink,32.96
sp|P10964|RPA1_YEAST,sp|P10964|RPA1_YEAST,309,250,xlink,39.30
sp|P22138|RPA2_YEAST,sp|P22138|RPA2_YEAST,1166,1139,xlink,31.29
sp|P22138|RPA2_YEAST,sp|P22138|RPA2_YEAST,443,140,xlink,34.18
sp|P47006|RPA34_YEAST,sp|P47006|RPA34_YEAST,152,158,xlink,43.98
sp|Q01080|RPA49_YEAST,sp|Q01080|RPA49_YEAST,116,211,xlink,29.85
sp|P10964|RPA1_YEAST,sp|P10964|RPA1_YEAST,1363,450,xlink,34.40
sp|P20434|RPAB1_YEAST,sp|P20434|RPAB1_YEAST,45,20,xlink,29.69
sp|P10964|RPA1_YEAST,sp|P10964|RPA1_YEAST,450,462,xlink,34.14
sp|Q01080|RPA49_YEAST,sp|Q01080|RPA49_YEAST,135,116,xlink,26.30
sp|Q01080|RPA49_YEAST,sp|Q01080|RPA49_YEAST,135,211,xlink,28.63
sp|P10964|RPA1_YEAST,sp|P10964|RPA1_YEAST,218,245,xlink,25.72
sp|P10964|RPA1_YEAST,sp|P10964|RPA1_YEAST,1164,1165,intralink,40.12
sp|P47006|RPA34_YEAST,sp|P47006|RPA34_YEAST,209,210,intralink,42.95
sp|P10964|RPA1_YEAST,sp|P10964|RPA1_YEAST,1143,1150,intralink,34.83
sp|P10964|RPA1_YEAST,sp|P10964|RPA1_YEAST,462,463,intralink,32.70
sp|P22138|RPA2_YEAST,sp|P22138|RPA2_YEAST,805,808,intralink,20.21
sp|P10964|RPA1_YEAST,sp|P10964|RPA1_YEAST,171,182,intralink,16.70
sp|P10964|RPA1_YEAST,sp|P22138|RPA2_YEAST,1012,916,xlink,40.86
sp|Q01080|RPA49_YEAST,sp|P22138|RPA2_YEAST,170,140,xlink,40.96
sp|Q01080|RPA49_YEAST,sp|P10964|RPA1_YEAST,153,450,xlink,34.54
sp|P22138|RPA2_YEAST,sp|Q01080|RPA49_YEAST,140,282,xlink,40.55
sp|P22138|RPA2_YEAST,sp|Q01080|RPA49_YEAST,77,139,xlink,33.43
sp|P10964|RPA1_YEAST,sp|P22138|RPA2_YEAST,1012,924,xlink,33.41
sp|P10964|RPA1_YEAST,sp|P32529|RPA12_YEAST,910,83,xlink,33.70
sp|P10964|RPA1_YEAST,sp|Q01080|RPA49_YEAST,450,170,xlink,34.22
sp|P07703|RPAC1_YEAST,sp|P22139|RPAB5_YEAST,148,68,xlink,37.95
sp|P22138|RPA2_YEAST,sp|P22139|RPAB5_YEAST,120,68,xlink,36.82
sp|P22138|RPA2_YEAST,sp|Q01080|RPA49_YEAST,77,170,xlink,33.05
sp|P10964|RPA1_YEAST,sp|Q01080|RPA49_YEAST,1363,170,xlink,29.84
sp|P22138|RPA2_YEAST,sp|Q01080|RPA49_YEAST,77,282,xlink,29.29
sp|P47006|RPA34_YEAST,sp|P47006|RPA34_YEAST,126,49,xlink,44.24
sp|P10964|RPA1_YEAST,sp|P10964|RPA1_YEAST,991,848,xlink,43.85
sp|P10964|RPA1_YEAST,sp|P10964|RPA1_YEAST,372,1376,xlink,39.55
sp|P22138|RPA2_YEAST,sp|P22138|RPA2_YEAST,174,120,xlink,39.06
sp|P40422|RPAB4_YEAST,sp|P40422|RPAB4_YEAST,28,49,xlink,40.06
sp|P46669|RPA43_YEAST,sp|P46669|RPA43_YEAST,88,103,xlink,37.52
sp|P07703|RPAC1_YEAST,sp|P07703|RPAC1_YEAST,240,288,xlink,40.42
sp|Q01080|RPA49_YEAST,sp|Q01080|RPA49_YEAST,153,139,xlink,36.87
sp|P10964|RPA1_YEAST,sp|P10964|RPA1_YEAST,582,604,xlink,38.42
sp|P07703|RPAC1_YEAST,sp|P07703|RPAC1_YEAST,205,168,xlink,43.18
sp|P10964|RPA1_YEAST,sp|P10964|RPA1_YEAST,877,888,xlink,37.82
sp|Q01080|RPA49_YEAST,sp|Q01080|RPA49_YEAST,153,116,xlink,37.99
sp|P10964|RPA1_YEAST,sp|P10964|RPA1_YEAST,983,848,xlink,35.93
sp|Q01080|RPA49_YEAST,sp|Q01080|RPA49_YEAST,153,282,xlink,38.72
sp|Q01080|RPA49_YEAST,sp|Q01080|RPA49_YEAST,153,306,xlink,38.39
sp|P20435|RPAB2_YEAST,sp|P20435|RPAB2_YEAST,123,129,xlink,35.35
sp|P10964|RPA1_YEAST,sp|P10964|RPA1_YEAST,783,756,xlink,31.98
sp|Q01080|RPA49_YEAST,sp|Q01080|RPA49_YEAST,153,170,xlink,39.63
sp|P22138|RPA2_YEAST,sp|P22138|RPA2_YEAST,805,1043,xlink,31.82
sp|Q01080|RPA49_YEAST,sp|Q01080|RPA49_YEAST,153,223,xlink,30.05
sp|P20434|RPAB1_YEAST,sp|P20434|RPAB1_YEAST,171,161,xlink,30.36
sp|P07703|RPAC1_YEAST,sp|P07703|RPAC1_YEAST,268,272,xlink,32.40
sp|Q01080|RPA49_YEAST,sp|Q01080|RPA49_YEAST,223,170,xlink,30.35
sp|P32529|RPA12_YEAST,sp|P32529|RPA12_YEAST,77,68,xlink,32.49
sp|P10964|RPA1_YEAST,sp|P10964|RPA1_YEAST,182,111,xlink,36.70
sp|P10964|RPA1_YEAST,sp|P10964|RPA1_YEAST,529,555,xlink,28.56
sp|P10964|RPA1_YEAST,sp|P10964|RPA1_YEAST,1363,1012,xlink,28.28
sp|P46669|RPA43_YEAST,sp|P46669|RPA43_YEAST,22,228,xlink,22.40
sp|P10964|RPA1_YEAST,sp|P10964|RPA1_YEAST,1363,462,xlink,23.97
sp|P50106|RPA14_YEAST,sp|P50106|RPA14_YEAST,117,131,xlink,22.55
sp|P47006|RPA34_YEAST,sp|P47006|RPA34_YEAST,47,49,intralink,49.70
sp|P46669|RPA43_YEAST,sp|P46669|RPA43_YEAST,21,22,intralink,45.78
sp|P50106|RPA14_YEAST,sp|P50106|RPA14_YEAST,117,118,intralink,37.72
sp|P46669|RPA43_YEAST,sp|P46669|RPA43_YEAST,88,97,intralink,35.26
sp|P10964|RPA1_YEAST,sp|P10964|RPA1_YEAST,1376,1379,intralink,35.45
sp|P10964|RPA1_YEAST,sp|P10964|RPA1_YEAST,1376,1377,intralink,34.15
sp|P20435|RPAB2_YEAST,sp|P20435|RPAB2_YEAST,128,129,intralink,40.61
sp|P47006|RPA34_YEAST,sp|P47006|RPA34_YEAST,36,45,intralink,22.80
sp|Q01080|RPA49_YEAST,sp|Q01080|RPA49_YEAST,210,211,intralink,24.85
sp|P07703|RPAC1_YEAST,sp|P07703|RPAC1_YEAST,249,268,intralink,19.84
sp|P47006|RPA34_YEAST,sp|P47006|RPA34_YEAST,36,46,intralink,21.44
sp|P10964|RPA1_YEAST,sp|P10964|RPA1_YEAST,457,462,intralink,15.27
sp|P47006|RPA34_YEAST,sp|P47006|RPA34_YEAST,68,88,intralink,14.91
sp|P28000|RPAC2_YEAST,sp|P28000|RPAC2_YEAST,122,138,intralink,13.93
sp|P10964|RPA1_YEAST,sp|P10964|RPA1_YEAST,321,330,intralink,13.50
sp|P10964|RPA1_YEAST,sp|P10964|RPA1_YEAST,555,575,intralink,16.48
sp|P32529|RPA12_YEAST,sp|P32529|RPA12_YEAST,73,83,intralink,12.42
sp|P47006|RPA34_YEAST,sp|P47006|RPA34_YEAST,195,208,intralink,12.42
sp|P22138|RPA2_YEAST,sp|P22138|RPA2_YEAST,1150,1166,intralink,11.74
sp|P10964|RPA1_YEAST,sp|P10964|RPA1_YEAST,1150,1153,intralink,10.00
sp|P47006|RPA34_YEAST,sp|P47006|RPA34_YEAST,126,144,intralink,9.01
sp|P22138|RPA2_YEAST,sp|P10964|RPA1_YEAST,1061,1363,xlink,31.70
sp|P22138|RPA2_YEAST,sp|P10964|RPA1_YEAST,513,1012,xlink,30.68
sp|P22139|RPAB5_YEAST,sp|P40422|RPAB4_YEAST,68,49,xlink,30.64
sp|Q01080|RPA49_YEAST,sp|P10964|RPA1_YEAST,306,450,xlink,34.42
sp|P22139|RPAB5_YEAST,sp|Q01080|RPA49_YEAST,68,211,xlink,28.73
sp|P07703|RPAC1_YEAST,sp|P07703|RPAC1_YEAST,25,37,xlink,36.42
sp|P10964|RPA1_YEAST,sp|P10964|RPA1_YEAST,111,121,xlink,39.07
sp|Q01080|RPA49_YEAST,sp|Q01080|RPA49_YEAST,170,170,xlink,34.11
sp|P22138|RPA2_YEAST,sp|P22138|RPA2_YEAST,723,924,xlink,33.76
sp|P22138|RPA2_YEAST,sp|P22138|RPA2_YEAST,924,740,xlink,30.99
sp|P10964|RPA1_YEAST,sp|P10964|RPA1_YEAST,1363,1260,xlink,29.16
sp|P20434|RPAB1_YEAST,sp|P20434|RPAB1_YEAST,191,161,xlink,28.82
sp|P46669|RPA43_YEAST,sp|P46669|RPA43_YEAST,31,228,xlink,28.71
sp|P46669|RPA43_YEAST,sp|P46669|RPA43_YEAST,76,22,xlink,35.50
sp|P10964|RPA1_YEAST,sp|P10964|RPA1_YEAST,348,351,intralink,40.46
sp|P40422|RPAB4_YEAST,sp|P40422|RPAB4_YEAST,28,37,intralink,30.89
sp|P10964|RPA1_YEAST,sp|P10964|RPA1_YEAST,1377,1379,intralink,31.66
sp|P07703|RPAC1_YEAST,sp|P07703|RPAC1_YEAST,205,218,intralink,25.18
sp|P47006|RPA34_YEAST,sp|P47006|RPA34_YEAST,68,84,intralink,19.35
sp|Q01080|RPA49_YEAST,sp|Q01080|RPA49_YEAST,223,227,intralink,17.75
sp|P20435|RPAB2_YEAST,sp|P20435|RPAB2_YEAST,76,87,intralink,14.58
sp|P10964|RPA1_YEAST,sp|P10964|RPA1_YEAST,330,348,intralink,13.75
sp|P07703|RPAC1_YEAST,sp|P07703|RPAC1_YEAST,37,38,intralink,12.06
sp|P47006|RPA34_YEAST,sp|P47006|RPA34_YEAST,126,135,intralink,11.55
sp|P50106|RPA14_YEAST,sp|P50106|RPA14_YEAST,97,117,intralink,10.52
sp|P10964|RPA1_YEAST,sp|Q01080|RPA49_YEAST,309,170,xlink,36.32
sp|P47006|RPA34_YEAST,sp|P07703|RPAC1_YEAST,208,272,xlink,33.28
sp|P40422|RPAB4_YEAST,sp|P22139|RPAB5_YEAST,37,68,xlink,32.94
sp|Q01080|RPA49_YEAST,sp|P22138|RPA2_YEAST,170,120,xlink,32.58
sp|P07703|RPAC1_YEAST,sp|P22138|RPA2_YEAST,148,120,xlink,32.17
sp|P22138|RPA2_YEAST,sp|P22139|RPAB5_YEAST,30,68,xlink,30.80
sp|P47006|RPA34_YEAST,sp|P22138|RPA2_YEAST,162,6,xlink,33.99
sp|P10964|RPA1_YEAST,sp|P32529|RPA12_YEAST,888,68,xlink,29.43
sp|P47006|RPA34_YEAST,sp|P07703|RPAC1_YEAST,209,272,xlink,26.69
sp|P20434|RPAB1_YEAST,sp|P20434|RPAB1_YEAST,191,197,xlink,27.96
sp|P22138|RPA2_YEAST,sp|P22138|RPA2_YEAST,1061,1043,xlink,27.28
sp|P20434|RPAB1_YEAST,sp|P20434|RPAB1_YEAST,201,161,xlink,25.52
sp|P40422|RPAB4_YEAST,sp|P40422|RPAB4_YEAST,37,49,xlink,25.27
sp|P20434|RPAB1_YEAST,sp|P20434|RPAB1_YEAST,197,161,xlink,23.58
sp|P22138|RPA2_YEAST,sp|P22138|RPA2_YEAST,30,32,intralink,39.52
sp|P07703|RPAC1_YEAST,sp|P07703|RPAC1_YEAST,148,154,intralink,37.21
sp|Q01080|RPA49_YEAST,sp|Q01080|RPA49_YEAST,280,282,intralink,30.87
sp|P10964|RPA1_YEAST,sp|P10964|RPA1_YEAST,575,576,intralink,25.98
sp|P10964|RPA1_YEAST,sp|P10964|RPA1_YEAST,866,877,intralink,25.76
sp|P47006|RPA34_YEAST,sp|P47006|RPA34_YEAST,120,126,intralink,40.08
sp|P10964|RPA1_YEAST,sp|P10964|RPA1_YEAST,597,604,intralink,21.12
sp|P22138|RPA2_YEAST,sp|P22138|RPA2_YEAST,868,872,intralink,26.03
sp|P20434|RPAB1_YEAST,sp|P20434|RPAB1_YEAST,24,43,intralink,13.66
sp|P32529|RPA12_YEAST,sp|P32529|RPA12_YEAST,73,77,intralink,13.54
sp|P10964|RPA1_YEAST,sp|P10964|RPA1_YEAST,1107,1115,intralink,12.41
sp|Q01080|RPA49_YEAST,sp|P47006|RPA34_YEAST,45,33,xlink,41.40
sp|Q01080|RPA49_YEAST,sp|P47006|RPA34_YEAST,42,36,xlink,35.09
sp|P22138|RPA2_YEAST,sp|P40422|RPAB4_YEAST,894,49,xlink,30.36
sp|Q01080|RPA49_YEAST,sp|P22138|RPA2_YEAST,223,140,xlink,28.94
sp|Q01080|RPA49_YEAST,sp|P10964|RPA1_YEAST,227,410,xlink,26.17
sp|Q01080|RPA49_YEAST,sp|P10964|RPA1_YEAST,306,410,xlink,26.07
sp|P47006|RPA34_YEAST,sp|P07703|RPAC1_YEAST,208,168,xlink,25.31
sp|P10964|RPA1_YEAST,sp|P22138|RPA2_YEAST,372,1061,xlink,28.56
sp|P22138|RPA2_YEAST,sp|Q01080|RPA49_YEAST,77,112,xlink,27.13
sp|P46669|RPA43_YEAST,sp|P20435|RPAB2_YEAST,97,76,xlink,27.67
sp|P47006|RPA34_YEAST,sp|P22138|RPA2_YEAST,195,6,xlink,24.86
sp|P10964|RPA1_YEAST,sp|P10964|RPA1_YEAST,1379,450,xlink,35.80
sp|Q01080|RPA49_YEAST,sp|Q01080|RPA49_YEAST,45,42,xlink,32.79
sp|Q01080|RPA49_YEAST,sp|Q01080|RPA49_YEAST,223,116,xlink,28.85
sp|Q01080|RPA49_YEAST,sp|Q01080|RPA49_YEAST,223,139,xlink,26.05
sp|P10964|RPA1_YEAST,sp|P10964|RPA1_YEAST,1376,462,xlink,25.72
sp|P10964|RPA1_YEAST,sp|P10964|RPA1_YEAST,283,410,xlink,25.27
sp|P10964|RPA1_YEAST,sp|P10964|RPA1_YEAST,457,1376,xlink,24.13
sp|P50106|RPA14_YEAST,sp|P50106|RPA14_YEAST,97,130,xlink,22.57
sp|P10964|RPA1_YEAST,sp|P10964|RPA1_YEAST,1331,1334,intralink,17.10
sp|P10964|RPA1_YEAST,sp|P22138|RPA2_YEAST,1363,740,xlink,30.43
sp|P20436|RPAB3_YEAST,sp|P10964|RPA1_YEAST,136,1153,xlink,30.27
sp|Q01080|RPA49_YEAST,sp|P47006|RPA34_YEAST,48,33,xlink,29.78
sp|P10964|RPA1_YEAST,sp|Q01080|RPA49_YEAST,1376,116,xlink,29.48
sp|P10964|RPA1_YEAST,sp|Q01080|RPA49_YEAST,410,282,xlink,25.89
sp|P22138|RPA2_YEAST,sp|P20434|RPAB1_YEAST,513,161,xlink,19.98
sp|P22138|RPA2_YEAST,sp|Q01080|RPA49_YEAST,77,135,xlink,19.71
sp|P07703|RPAC1_YEAST,sp|P22138|RPA2_YEAST,148,1139,xlink,19.54
sp|P47006|RPA34_YEAST,sp|P20435|RPAB2_YEAST,162,129,xlink,19.15
sp|P20435|RPAB2_YEAST,sp|P10964|RPA1_YEAST,72,276,xlink,18.90
sp|P10964|RPA1_YEAST,sp|P10964|RPA1_YEAST,783,754,xlink,41.04
sp|Q01080|RPA49_YEAST,sp|Q01080|RPA49_YEAST,99,306,xlink,28.21
sp|Q01080|RPA49_YEAST,sp|Q01080|RPA49_YEAST,116,139,xlink,26.99
sp|P46669|RPA43_YEAST,sp|P46669|RPA43_YEAST,22,18,xlink,26.77
sp|P46669|RPA43_YEAST,sp|P46669|RPA43_YEAST,22,19,xlink,27.99
sp|P10964|RPA1_YEAST,sp|P10964|RPA1_YEAST,442,457,xlink,24.76
sp|P32529|RPA12_YEAST,sp|P32529|RPA12_YEAST,120,77,xlink,24.67
sp|P32529|RPA12_YEAST,sp|P32529|RPA12_YEAST,120,73,xlink,23.84
sp|P10964|RPA1_YEAST,sp|P10964|RPA1_YEAST,330,267,xlink,23.83
sp|P10964|RPA1_YEAST,sp|P10964|RPA1_YEAST,184,111,xlink,21.85
sp|P22138|RPA2_YEAST,sp|P22138|RPA2_YEAST,441,136,xlink,21.67
sp|P22138|RPA2_YEAST,sp|P22138|RPA2_YEAST,3,370,xlink,21.08
sp|P10964|RPA1_YEAST,sp|P10964|RPA1_YEAST,330,111,xlink,20.40
sp|P10964|RPA1_YEAST,sp|P10964|RPA1_YEAST,783,790,intralink,35.01
sp|P10964|RPA1_YEAST,sp|P10964|RPA1_YEAST,408,410,intralink,29.39
sp|P50106|RPA14_YEAST,sp|P50106|RPA14_YEAST,130,131,intralink,24.71
sp|P10964|RPA1_YEAST,sp|P10964|RPA1_YEAST,245,259,intralink,13.38
sp|P28000|RPAC2_YEAST,sp|P28000|RPAC2_YEAST,119,134,intralink,10.96
sp|P10964|RPA1_YEAST,sp|P22138|RPA2_YEAST,372,1064,xlink,31.86
sp|P10964|RPA1_YEAST,sp|P32529|RPA12_YEAST,866,72,xlink,31.58
sp|P10964|RPA1_YEAST,sp|P22138|RPA2_YEAST,1379,916,xlink,29.65
sp|Q01080|RPA49_YEAST,sp|Q01080|RPA49_YEAST,116,170,xlink,32.85
sp|P22138|RPA2_YEAST,sp|P22138|RPA2_YEAST,1064,740,xlink,23.85
sp|P10964|RPA1_YEAST,sp|P10964|RPA1_YEAST,1107,1335,xlink,23.21
sp|P10964|RPA1_YEAST,sp|P10964|RPA1_YEAST,1473,1459,xlink,22.32
sp|Q01080|RPA49_YEAST,sp|Q01080|RPA49_YEAST,223,229,intralink,15.28
