Rank,Id,Protein1,Protein2,Type,XLType,Spectrum,AbsPos1,AbsPos2,deltaAA,Annotation,Smallest_dist[euklid],Mr,Mz,z,Error_rel[ppm],Error_abs[ppm],nseen,MatchOdds,wmatchoddssum,wmatchoddsmean,Xcorrx,Xcorrb,TIC,TicA,TicB,WTIC,intsum,lApS,seriesscore,deltaS,ld-Score,fdr,xlinker,source
1,KPAEHPFISAAR-MNNKPER-a1-b4,C37,C53,xlink,inter-protein xl,AO-A245.03721.03721.4_AO-A245.03701.03701.4,100,300,200,AO-A245_matched,NA,2348.205,588.059,4,-0.4,0.4,8,11.43,3.92,7.83,0.23,0.51,0.53,0.23,0.3,0.11,731,-0.00048,26.7,0.5,48.53,0,,ours_DNA.csv
1,RKPNIILDEDDTNDGIER-MKVLEER-a2-b2,C31,C17,xlink,inter-protein xl,AO-A244.06234.06234.4_AO-A244.06212.06212.4,91,2,89,AO-A244_matched,NA,3153.596,789.407,4,-0.5,0.5,6,9.71,3.84,7.67,0.3,0.36,0.55,0.48,0.07,0.08,926,-0.00016,24,0.87,45.32,0,,ours_DNA.csv
1,LVSEKIINSTALMK-SVKFPTR-a5-b3,C82,C34,xlink,inter-protein xl,AO-A240.06533.06533.4_AO-A240.06500.06500.4,520,141,379,AO-A240_matched,NA,2517.423,630.364,4,-0.5,0.5,9,10.42,2.94,5.87,0.24,0.44,0.5,0.33,0.17,0.09,495,-0.00067,29.5,0.53,40.51,0,,ours_DNA.csv
1,KPAEHPFISAAR-KMNNKPER-a1-b1,C37,C53,xlink,inter-protein xl,AO-A242.02998.02998.5_AO-A242.02975.02975.5,100,296,196,AO-A242_matched,NA,2476.301,496.268,5,0,0,13,9.35,2.45,4.91,0.1,0.48,0.49,0.42,0.07,0.08,446,-0.00048,32.6,0.48,37.89,0,,ours_DNA.csv
1,LNSFKLFK-YSDKYLK-a5-b4,C17,C31,xlink,inter-protein xl,AO-A243.07178.07178.4_AO-A243.07155.07155.4,114,111,3,AO-A243_matched,NA,2049.116,513.287,4,-1.1,1.1,7,10.85,1.95,3.89,0.26,0.5,0.51,0.41,0.1,0.09,217,-0.00016,36,0.71,37.7,0,,ours_DNA.csv
1,LDIYTQQQALEYIGAKVK-KQEDAR-a16-b1,C128,C37,xlink,inter-protein xl,AO-A245.07924.07924.4_AO-A245.07907.07907.4,308,194,114,AO-A245_matched,NA,2963.557,741.897,4,-1.1,1.1,3,9.89,2.34,4.68,0.36,0.36,0.54,0.5,0.04,0.08,440,-9e-04,17.2,0.47,37.01,0,,ours_DNA.csv
1,QVNEKLADLGLEK-VKDIHLR-a5-b2,C53,C128,xlink,inter-protein xl,AO-A245.06864.06864.5_AO-A245.06844.06844.5,258,623,365,AO-A245_matched,NA,2473.385,495.685,5,-2,2,2,8.94,2.65,5.3,0.13,0.43,0.45,0.44,0.01,0.06,527,-0.00195,19.2,0.54,37.43,0,,ours_DNA.csv
1,LYFDVNEKIR-DAEKSGISK-a8-b4,C25,C17,xlink,inter-protein xl,AO-A244.06646.06646.4_AO-A244.06626.06626.4,145,92,53,AO-A244_matched,NA,2367.233,592.816,4,0.5,0.5,5,11.39,1.51,3.03,0.26,0.46,0.62,0.5,0.12,0.11,173,-9e-05,38.2,0.75,37.34,0,,ours_DNA.csv
1,AQVVTMSVKSVNDPSQNR-LVKQNDELK-a9-b3,C37,C34,xlink,inter-protein xl,AO-A243.05485.05485.3_AO-A243.05462.05462.3,217,65,152,AO-A243_matched,NA,3182.66,1061.895,3,-0.1,0.1,9,10.08,2.01,4.01,0.35,0.33,0.54,0.5,0.05,0.08,785,-0.00029,19.1,0.31,43.06,0,,ours_DNA.csv
1,SISTSAKEPSENDVFYR-KQEDAR-a7-b1,C160,C37,xlink,inter-protein xl,AO-A245.04739.04739.4_AO-A245.04732.04732.4,1249,194,1055,AO-A245_matched,NA,2812.355,704.097,4,1.2,1.2,4,8.85,2.31,4.61,0.15,0.36,0.39,0.34,0.05,0.06,519,-0.00112,21.4,0.8,35.6,0,,ours_DNA.csv
1,VVKGTNISEK-KIPLVIR-a3-b1,C160,ABC23,xlink,inter-protein xl,AO-A245.05807.05807.4_AO-A245.05802.05802.4,1432,129,1303,AO-A245_matched,NA,2049.255,513.322,4,-0.6,0.6,7,10.21,1.97,3.94,0.18,0.38,0.53,0.07,0.46,0.11,250,-5e-04,14.1,0.34,34.56,0,,ours_DNA.csv
1,AEAINLMGVKNNLLTPK-IAMKELAEK-a10-b4,C160,ABC23,xlink,inter-protein xl,AO-A245.08596.08596.4_AO-A245.08581.08581.4,538,123,415,AO-A245_matched,NA,2994.65,749.67,4,0.1,0.1,3,9.59,2.8,5.6,0.24,0.38,0.5,0.46,0.03,0.07,594,-5e-04,13.8,0.91,39.29,0,,ours_DNA.csv
1,GKQNRPYNHPELQGITR-KTATEVTPQEPK-a2-b1,C17,AC19,xlink,inter-protein xl,AO-A245.03925.03925.5_AO-A245.03906.03906.5,45,9,36,AO-A245_matched,NA,3472.806,695.569,5,-0.2,0.2,6,7.1,2.77,5.55,0.18,0.23,0.37,0.1,0.27,0.07,861,-9e-05,10.1,0.89,35.78,0,,ours_DNA.csv
1,GKQNRPYNHPELQGITR-LAKNLQIGDVVER-a2-b3,C17,C160,xlink,inter-protein xl,AO-A270.05642.05642.5_AO-A270.05623.05623.5,45,454,409,AO-A270_matched,NA,3598.931,720.794,5,-0.6,0.6,2,7.08,1.99,3.98,0.06,0.32,0.34,0.08,0.26,0.07,627,-0.00092,13.2,0.84,33.1,0,,ours_DNA.csv
1,SISTSAKEPSENDVFYR-NGKIYLK-a7-b3,C160,C128,xlink,inter-protein xl,AO-A271.06428.06428.4_AO-A271.06405.06405.4,1249,239,1010,AO-A271_matched,NA,2901.471,726.376,4,-1.6,1.6,3,8.15,2.39,4.79,0.2,0.36,0.38,0.34,0.05,0.06,529,-0.00457,13,0.21,34.4,0,,ours_DNA.csv
1,SADEPMTTFYKCVNCGHR-IQASDVNIIGKDR-a11-b11,C11,C160,xlink,inter-protein xl,AO-A272.07348.07348.5_AO-A272.07329.07329.5,99,1227,1128,AO-A272_matched,NA,3737.758,748.56,5,-0.4,0.4,2,10.07,2,4.01,0.24,0.21,0.56,0.31,0.24,0.1,530,-0.00025,10.6,0.4,35.81,0,,ours_DNA.csv
1,AQVVTMSVKSVNDPSQNR-SVKFPTRK-a9-b3,C37,C34,xlink,inter-protein xl,AO-A242.05133.05133.5_AO-A242.05112.05112.5,217,141,76,AO-A242_matched,NA,3058.62,612.732,5,-1,1,4,7.29,3,6,0.23,0.38,0.39,0.37,0.01,0.05,803,-0.00029,13.6,0.69,38.15,0,,ours_DNA.csv
1,KPAEHPFISAAR-VRHEDVETVKR-a1-b10,C37,C53,xlink,inter-protein xl,AO-A272.04365.04365.5_AO-A272.04346.04346.5,100,216,116,AO-A272_matched,NA,2827.507,566.509,5,-0.7,0.7,3,10.18,2.59,5.18,0.15,0.53,0.48,0.29,0.19,0.09,490,-0.00048,28.8,0.59,41.64,0,,ours_DNA.csv
1,KPAEHPFISAAR-FNMGKEFEAR-a1-b5,C37,C53,xlink,inter-protein xl,AO-A244.06024.06024.5_AO-A244.06018.06018.5,100,162,62,AO-A244_matched,NA,2688.347,538.677,5,-0.6,0.6,1,9.35,2.17,4.34,0.12,0.4,0.51,0.12,0.4,0.1,379,-0.00048,12.6,0.74,35.32,0,,ours_DNA.csv
1,LPSLKDSSSNGGGSAKPSLK-YSDKYLK-a5-b4,C53,C31,xlink,inter-protein xl,AO-A242.05153.05153.5_AO-A242.05110.05110.5,14,111,97,AO-A242_matched,NA,2982.553,597.518,5,-0.7,0.7,7,8.97,1.85,3.7,0.13,0.29,0.35,0.13,0.22,0.09,354,-0.00041,18.1,0.39,31.76,0,,ours_DNA.csv
1,LMKSLEDLSCQYDNTVR-IKEIINASK-a3-b2,C160,C160,xlink,intra-protein xl,AO-A243.07409.07409.4_AO-A243.07415.07415.4,891,1127,236,AO-A243_matched,NA,3223.646,806.919,4,-0.3,0.3,2,9.55,3.84,7.69,0.18,0.37,0.44,0.36,0.08,0.07,896,-1.88653,23.6,0.84,44.13,0,,ours_DNA.csv
1,HGQKGVCGIIVK-RPELGDKFSSR-a4-b7,C128,C128,xlink,intra-protein xl,AO-A272.06088.06088.5_AO-A272.06066.06066.5,919,911,8,AO-A272_matched,NA,2723.452,545.698,5,-0.7,0.7,5,11.51,2.86,5.72,0.27,0.47,0.6,0.43,0.17,0.11,520,-2.07368,29,0.65,44.03,0,,ours_DNA.csv
1,KGIVQASVTSSTHER-ISSQFEKSR-a1-b7,C128,C128,xlink,intra-protein xl,AO-A271.04682.04682.5_AO-A271.04643.04643.5,213,479,266,AO-A271_matched,NA,2817.457,564.499,5,-1.6,1.6,3,10.24,3.17,6.35,0.24,0.42,0.6,0.32,0.28,0.11,917,-2.07368,25.8,0.7,47.82,0,,ours_DNA.csv
1,LADLGLEKEFQSVDGK-VHKSGK-a8-b3,C53,C53,xlink,intra-protein xl,AO-A244.06228.06228.4_AO-A244.06206.06206.4,266,367,101,AO-A244_matched,NA,2540.348,636.095,4,-0.3,0.3,9,11.43,2.97,5.93,0.32,0.42,0.53,0.44,0.09,0.09,488,-2.62504,32.4,0.51,42.28,0,,ours_DNA.csv
1,GKQNRPYNHPELQGITR-SLAALKK-a2-b6,C17,C17,xlink,intra-protein xl,AO-A241.04352.04352.4_AO-A241.04351.04351.4,45,38,7,AO-A241_matched,NA,2874.581,719.653,4,-0.8,0.8,10,10.68,2.2,4.4,0.24,0.37,0.42,0.32,0.1,0.07,560,-3.46218,19.7,0.53,40.49,0,,ours_DNA.csv
1,KLLDGELDFDDFLK-VKDIHLR-a1-b2,C128,C128,xlink,intra-protein xl,AO-A271.09093.09093.4_AO-A271.09089.09089.4,629,623,6,AO-A271_matched,NA,2684.443,672.119,4,0.1,0.1,4,9.68,3.19,6.38,0.3,0.33,0.59,0.57,0.02,0.08,828,-2.07368,40.4,0.54,42.81,0,,ours_DNA.csv
1,VAKVLTYPEK-FRGNLSGKR-a3-b8,C160,C160,xlink,intra-protein xl,AO-A272.05311.05311.5_AO-A272.05292.05292.5,400,371,29,AO-A272_matched,NA,2318.308,464.669,5,-1.4,1.4,3,10.11,3.55,7.1,0.2,0.45,0.38,0.26,0.12,0.07,650,-1.88653,23.5,0.42,42.61,0,,ours_DNA.csv
1,LSVKIGNVVMDIGK-ELAGKVGSIR-a4-b5,C53,C53,xlink,intra-protein xl,AO-A243.08571.08571.4_AO-A243.08570.08570.4,374,359,15,AO-A243_matched,NA,2638.51,660.635,4,0.1,0.1,5,10.2,2.58,5.16,0.23,0.36,0.45,0.23,0.22,0.08,460,-2.62504,15.8,0.34,37.69,0,,ours_DNA.csv
1,CFPPGVIGIDEGSDEAYVKDAR-KDTVSR-a19-b1,AC40,AC40,xlink,intra-protein xl,AO-A242.06474.06474.4_AO-A242.06557.06557.4,268,272,4,AO-A242_matched,NA,3236.566,810.149,4,0.1,0.1,33,9.52,2.24,4.48,0.3,0.44,0.57,0.55,0.02,0.07,571,-3.16657,19.3,0.92,40.06,0,,ours_DNA.csv
1,IAMKELAEK-KIPLVIRR-a4-b1,ABC23,ABC23,xlink,intra-protein xl,AO-A245.06202.06202.5_AO-A245.06186.06186.5,123,129,6,AO-A245_matched,NA,2163.314,433.671,5,-1.9,1.9,4,9.81,2.05,4.09,0.21,0.46,0.57,0.39,0.18,0.1,303,-3.99652,24.5,0.62,36.44,0,,ours_DNA.csv
1,TNLHQHVVLKCLK-LVKQNDELK-a10-b3,C34,C34,xlink,intra-protein xl,AO-A243.04810.04810.6_AO-A243.04785.04785.6,123,65,58,AO-A243_matched,NA,2812.559,469.768,6,-1.5,1.5,5,10.56,4.02,8.03,0.24,0.24,0.32,0.1,0.22,0.06,812,-3.07172,10.9,0.74,41.97,0,,ours_DNA.csv
1,FQGVLESEAQKK-NLIKLVK-a11-b4,C34,C34,xlink,intra-protein xl,AO-A241.06412.06412.4_AO-A241.06388.06388.4,82,62,20,AO-A241_matched,NA,2327.343,582.844,4,-1.4,1.4,8,11.46,2.39,4.78,0.29,0.27,0.44,0.21,0.23,0.09,337,-3.07172,40.4,0.86,36.17,0,,ours_DNA.csv
1,KLTDEINTAQDK-KTHIHK-a1-b1,C128,C128,xlink,intra-protein xl,AO-A243.03159.03159.4_AO-A243.03135.03135.4,33,9,24,AO-A243_matched,NA,2275.216,569.812,4,-0.6,0.6,3,8.46,2.34,4.69,0.13,0.37,0.3,0.28,0.01,0.04,507,-2.07368,14.8,0.44,34.54,0,,ours_DNA.csv
1,QVNEKLADLGLEK-VRHEDVETVKR-a5-b10,C53,C53,xlink,intra-protein xl,AO-A272.06364.06364.5_AO-A272.06347.06347.5,258,216,42,AO-A272_matched,NA,2960.591,593.126,5,-0.8,0.8,4,8.53,2.59,5.18,0.09,0.32,0.27,0.21,0.06,0.05,506,-2.62504,15.2,0.48,33.63,0.03,,ours_DNA.csv
1,TNLHQHVVLKCLK-FQGVLESEAQKK-a10-b11,C34,C34,xlink,intra-protein xl,AO-A240.04664.04664.5_AO-A240.04643.04643.5,123,82,41,AO-A240_matched,NA,3089.668,618.941,5,-0.5,0.5,8,11.11,1.99,3.97,0.26,0.39,0.62,0.05,0.56,0.12,418,-3.07172,19.7,0.66,39.81,0,,ours_DNA.csv
1,KGIVQASVTSSTHER-TYVITKNGK-a1-b6,C128,C128,xlink,intra-protein xl,AO-A245.04711.04711.5_AO-A245.04692.04692.5,213,236,23,AO-A245_matched,NA,2759.476,552.903,5,-2.1,2.1,4,9.02,1.08,2.16,0.16,0.55,0.63,0.09,0.54,0.14,187,-2.07368,16.6,0.73,35.17,0,,ours_DNA.csv
1,KMMSFQANPTEESISK-AKYCDSMGRPQR-a1-b2,ABC27,ABC27,xlink,intra-protein xl,AO-A244.05239.05239.5_AO-A244.05220.05220.5,56,45,11,AO-A244_matched,NA,3432.591,687.526,5,-0.6,0.6,2,6.6,2.31,4.62,0.18,0.18,0.43,0.41,0.02,0.07,748,-3.39446,6,0.27,31.75,0,,ours_DNA.csv
1,KGIVQASVTSSTHER-SKTYVITK-a1-b2,C128,C128,xlink,intra-protein xl,AO-A242.04480.04480.4_AO-A242.04457.04457.4,213,230,17,AO-A242_matched,NA,2675.447,669.869,4,-1.1,1.1,6,9,3.19,6.37,0.17,0.47,0.47,0.35,0.12,0.08,650,-2.07368,26.2,0.38,40.9,0,,ours_DNA.csv
1,GKQNRPYNHPELQGITR-FLTDLEKK-a2-b7,C17,C17,xlink,intra-protein xl,AO-A242.05298.05298.6_AO-A242.05279.05279.6,45,25,20,AO-A242_matched,NA,3137.658,523.951,6,-1.3,1.3,5,9.94,1.65,3.31,0.16,0.28,0.57,0.3,0.27,0.12,446,-3.46218,12.1,0.68,35.59,0,,ours_DNA.csv
1,VAQLKPFFKYIDDANVTR-KQEDAR-a9-b1,C37,C37,xlink,intra-protein xl,AO-A245.07252.07252.4_AO-A245.07236.07236.4,184,194,10,AO-A245_matched,NA,3007.573,752.901,4,-1.4,1.4,2,9.43,3.35,6.69,0.24,0.37,0.51,0.4,0.11,0.09,811,-3.29215,24.1,0.58,42.83,0,,ours_DNA.csv
1,LKTEDGFVIPALPAAVSK-RSGSNAAASLPSKK-a2-b13,C82,C82,xlink,intra-protein xl,AO-A242.07321.07321.4_AO-A242.07314.07314.4,406,403,3,AO-A242_matched,NA,3365.854,842.471,4,-0.7,0.7,2,8.5,2,3.99,0.18,0.22,0.35,0.27,0.09,0.06,648,-2.54797,8.9,0.76,34.43,0,,ours_DNA.csv
1,HLWDQKSLAALK-FLTDLEKK-a6-b7,C17,C17,xlink,intra-protein xl,AO-A270.07554.07554.4_AO-A270.07533.07533.4,32,25,7,AO-A270_matched,NA,2539.403,635.859,4,-0.6,0.6,3,9.81,1.19,2.38,0.22,0.54,0.64,0.3,0.34,0.12,133,-3.46218,25.9,0.81,35.47,0.037,,ours_DNA.csv
1,FQGVLESEAQKK-LVKQNDELK-a11-b3,C34,C34,xlink,intra-protein xl,AO-A242.05108.05108.4_AO-A242.05069.05069.4,82,65,17,AO-A242_matched,NA,2586.388,647.605,4,-0.9,0.9,8,11.4,1.12,2.23,0.24,0.27,0.59,0.5,0.1,0.1,181,-3.07172,20.9,0.81,33.48,0,,ours_DNA.csv
1,KLLDGELDFDDFLK-KTHIHK-a1-b1,C128,C128,xlink,intra-protein xl,AO-A242.08078.08078.4_AO-A242.08075.08075.4,629,9,620,AO-A242_matched,NA,2567.36,642.848,4,-1.2,1.2,1,8.47,2.43,4.85,0.21,0.3,0.46,0.45,0.01,0.06,558,-2.07368,18,0.29,34.36,0,,ours_DNA.csv
1,KLKTEDGFVIPALPAAVSK-K1-K3,C82,C82,intralink,intralink,AO-A242.08846.08846.3_AO-A242.08828.08828.3,404,406,-,AO-A242_matched,,2121.209,708.078,3.000,0.4,0.4,4,11.51,1.86,1.86,0.30,0.37,0.76,0.76,0.00,0.20,377,0.00000,13.8,0.31,40.75,0.000,,ours_DNA.csv
1,TDFAKIINKPNELSQILTVDPK-K5-K9,C82,C82,intralink,intralink,AO-A243.09550.09550.3_AO-A243.09549.09549.3,251,255,-,AO-A243_matched,,2621.431,874.818,3.000,-0.1,0.1,4,11.51,2.26,2.26,0.27,0.24,0.52,0.52,0.00,0.12,331,0.00000,17.4,0.46,35.84,0.000,,ours_DNA.csv
1,VAQLKPFFKYIDDANVTR-K5-K9,C37,C37,intralink,intralink,AO-A244.09273.09273.3_AO-A244.09272.09272.3,180,184,-,AO-A244_matched,,2262.206,755.077,3.000,0.6,0.6,2,11.51,3.79,3.79,0.30,0.47,0.58,0.58,0.00,0.16,546,0.00000,12.5,0.29,45.41,0.000,,ours_DNA.csv
1,IKEIINASKVISTPIINAVLVNDNDER-K2-K9,C160,C160,intralink,intralink,AO-A272.10161.10161.3_AO-A272.10193.10193.3,1127,1134,-,AO-A272_matched,,3115.713,1039.579,3.000,-0.0,0.0,1,11.17,3.54,3.54,0.27,0.19,0.50,0.50,0.00,0.09,757,0.00000,11.0,0.09,41.63,0.000,,ours_DNA.csv
1,HVKDEAFDDLLKPVYKGK-K12-K16,C128,C128,intralink,intralink,AO-A243.08090.08090.4_AO-A243.08085.08085.4,26,30,-,AO-A243_matched,,2239.187,560.805,4.000,-0.9,0.9,6,10.70,3.38,3.38,0.12,0.37,0.30,0.30,0.00,0.08,330,0.00000,5.1,0.00,36.30,0.000,,ours_DNA.csv
1,LAKNLQIGDVVER-KTATEVTPQEPK-a3-b1,C160,AC19,xlink,inter-protein xl,AO-A271.06131.06131.4_AO-A271.06134.06134.4,454,9,445,AO-A271_matched,NA,2919.589,730.905,4,-1.1,1.1,1,10.59,2.76,5.52,0.2,0.33,0.43,0.21,0.22,0.08,562,-0.00052,12.7,0.32,39.48,0,,ours_DNA.csv
1,AQVVTMSVKSVNDPSQNR-VLKKPNR-a9-b3,C37,C128,xlink,inter-protein xl,AO-A243.04574.04574.5_AO-A243.04550.04550.5,217,408,191,AO-A243_matched,NA,2950.601,591.128,5,-0.5,0.5,2,7.2,2.2,4.4,0.13,0.34,0.34,0.33,0.01,0.05,702,-9e-04,6.7,0.34,34.96,0,,ours_DNA.csv
1,IAINVFPEGYKAK-NSPLSDLKK-a11-b8,C160,C82,xlink,inter-protein xl,AO-A272.08357.08357.4_AO-A272.08336.08336.4,1240,236,1004,AO-A272_matched,NA,2587.424,647.864,4,-0.9,0.9,3,10.62,1.83,3.65,0.36,0.27,0.42,0.13,0.29,0.08,322,-0.00264,28.2,0.6,34.57,0,,ours_DNA.csv
1,EEKEDMETQASDPSK-IALRLTEQKSPK-a3-b9,C53,C82,xlink,inter-protein xl,AO-A244.04385.04385.5_AO-A244.04806.04806.5,325,322,3,AO-A244_matched,NA,3243.628,649.733,5,3,3,33,8.35,2.64,5.27,0.15,0.26,0.33,0.19,0.14,0.06,567,-0.00113,10.4,0.68,33.34,0,,ours_DNA.csv
1,AQVVTMSVKSVNDPSQNR-EGIWSKTIK-a9-b6,C37,C34,xlink,inter-protein xl,AO-A270.06904.06904.4_AO-A270.06882.06882.4,217,108,109,AO-A270_matched,NA,3157.644,790.419,4,0,0,2,8.58,1.53,3.07,0.18,0.37,0.42,0.36,0.06,0.06,316,-0.00029,14.7,0.43,31.69,0.024,,ours_DNA.csv
1,TVKDGPFYTGSMSLIIDQQENSK-QENSTLLKK-a3-b8,C31,C82,xlink,inter-protein xl,AO-A243.08049.08049.4_AO-A243.08041.08041.4,66,604,538,AO-A243_matched,NA,3754.898,939.732,4,0.2,0.2,3,7,1.77,3.54,0.19,0.23,0.29,0.28,0.01,0.04,660,-0.00045,7.5,0.39,31.58,0,,ours_DNA.csv
1,NFINQEDEGEERESSGAKDAEK-LYFDVNEKIR-a18-b8,C17,C25,xlink,inter-protein xl,AO-A244.06563.06563.5_AO-A244.06526.06526.5,88,145,57,AO-A244_matched,NA,3914.842,783.976,5,-0.8,0.8,4,9.63,1.16,2.32,0.13,0.35,0.35,0.18,0.17,0.07,214,-9e-05,12.9,0,31.53,0,,ours_DNA.csv
1,KPAEHPFISAAR-VDGKIVVTPQI-a1-b4,C37,C53,xlink,inter-protein xl,AO-A245.07003.07003.4_AO-A245.06981.06981.4,100,415,315,AO-A245_matched,NA,2628.464,658.124,4,-0.1,0.1,2,8.15,1.73,3.45,0.17,0.23,0.52,0.06,0.46,0.1,457,-0.00048,10.3,0.6,30.96,0,,ours_DNA.csv
1,EGLVDTAVKTAETGYMSR-ISSQFEKSR-a9-b7,C160,C128,xlink,inter-protein xl,AO-A244.07242.07242.3_AO-A244.07227.07227.3,878,479,399,AO-A244_matched,NA,3145.562,1049.529,3,0.7,0.7,1,8.08,1.79,3.59,0.31,0.15,0.47,0.41,0.06,0.07,564,-0.00457,17,0.28,30.94,0,,ours_DNA.csv
1,EVVVSETPKR-EVFVDVKPK-a9-b7,C160,C25,xlink,inter-protein xl,AO-A245.05743.05743.3_AO-A245.05722.05722.3,11,159,148,AO-A245_matched,NA,2340.293,781.106,3,-0.4,0.4,3,9.86,1.57,3.14,0.45,0.13,0.33,0.22,0.11,0.06,328,-0.00057,26.2,0.57,30.08,0.019,,ours_DNA.csv
1,GFIKSEGSGSSLVQK-IQASDVNIIGKDR-a4-b11,C53,C160,xlink,inter-protein xl,AO-A272.07016.07016.4_AO-A272.07001.07001.4,115,1227,1112,AO-A272_matched,NA,3088.642,773.168,4,0.4,0.4,1,9.93,1.62,3.24,0.18,0.24,0.37,0.17,0.2,0.07,377,-0.00242,9.4,0.37,32.82,0,,ours_DNA.csv
1,LYFDVNEKIR-VKLEEESK-a8-b2,C25,C53,xlink,inter-protein xl,AO-A271.06973.06973.4_AO-A271.06956.06956.4,145,51,94,AO-A271_matched,NA,2394.269,599.575,4,0.3,0.3,4,10.14,1.03,2.06,0.24,0.36,0.76,0.71,0.05,0.13,146,-0.00024,32,0.5,32.52,0,,ours_DNA.csv
1,GKQNRPYNHPELQGITR-VVKGTNISEK-a2-b3,C17,C160,xlink,inter-protein xl,AO-A271.04223.04223.4_AO-A271.04204.04204.4,45,1432,1387,AO-A271_matched,NA,3218.711,805.685,4,-1.7,1.7,4,8.64,2.16,4.32,0.16,0.19,0.4,0.19,0.21,0.08,499,-0.00092,16.4,0.68,31.58,0.024,,ours_DNA.csv
1,GKQNRPYNHPELQGITR-VLTYPEKVTR-a2-b7,C17,C160,xlink,inter-protein xl,AO-A271.05142.05142.5_AO-A271.05120.05120.5,45,407,362,AO-A271_matched,NA,3349.789,670.966,5,-0.3,0.3,2,9.52,1.15,2.29,0.14,0.27,0.74,0.05,0.7,0.18,199,-0.00092,14,0.77,30.74,0.02,,ours_DNA.csv
1,HGQKGVCGIIVK-FRGNLSGKR-a4-b8,C128,C160,xlink,inter-protein xl,AO-A272.05002.05002.5_AO-A272.04980.04980.5,919,371,548,AO-A272_matched,NA,2466.366,494.281,5,0.8,0.8,1,8.33,2.07,4.15,0.23,0.26,0.41,0.37,0.05,0.07,393,-0.00457,8,0.69,30.5,0.02,,ours_DNA.csv
1,ILASSNFPFLNETKPGVYYVPYSK-KQEDAR-a14-b1,C82,C37,xlink,inter-protein xl,AO-A270.08210.08210.4_AO-A270.08200.08200.4,472,194,278,AO-A270_matched,NA,3616.836,905.217,4,-2.6,2.6,1,7.74,1.63,3.26,0.24,0.22,0.43,0.42,0.02,0.05,509,-0.00052,9.7,0.25,30.4,0.02,,ours_DNA.csv
1,KPAEHPFISAAR-VAQLKPFFK-a1-b5,C37,C37,xlink,intra-protein xl,AO-A240.05854.05854.5_AO-A240.05843.05843.5,100,180,80,AO-A240_matched,NA,2537.411,508.49,5,-1.7,1.7,4,9.52,2.43,4.86,0.22,0.51,0.47,0.09,0.38,0.1,446,-3.29215,17.1,0.48,39.37,0,,ours_DNA.csv
1,VLTYPEKVTR-FRGNLSGKR-a7-b8,C160,C160,xlink,intra-protein xl,AO-A244.04820.04820.5_AO-A244.04800.04800.5,407,371,36,AO-A244_matched,NA,2376.325,476.273,5,-1.2,1.2,5,9.6,2.41,4.82,0.15,0.41,0.46,0.41,0.05,0.08,434,-1.88653,25.1,0.56,36.91,0,,ours_DNA.csv
1,GSQILSGVMDKSVLGDGK-NKVFVPPK-a11-b2,C160,C160,xlink,intra-protein xl,AO-A241.07555.07555.4_AO-A241.07525.07525.4,666,631,35,AO-A241_matched,NA,2855.546,714.894,4,-0.2,0.2,1,9.07,2.25,4.51,0.26,0.38,0.41,0.31,0.09,0.07,512,-1.88653,11.5,0.43,36.67,0,,ours_DNA.csv
1,LKELAEDVDDASTGDGAAK-KLLAISK-a2-b1,C31,C31,xlink,intra-protein xl,AO-A242.06378.06378.4_AO-A242.06336.06336.4,179,146,33,AO-A242_matched,NA,2813.489,704.38,4,-0.6,0.6,2,10.07,1.93,3.86,0.28,0.28,0.35,0.31,0.03,0.05,447,-3.41645,12.8,0.43,35.26,0,,ours_DNA.csv
1,DKAESEWNGVNVQTLK-VAQLKPFFK-a2-b5,C37,C37,xlink,intra-protein xl,AO-A240.07062.07062.4_AO-A240.07047.07047.4,135,180,45,AO-A240_matched,NA,3031.602,758.908,4,0.1,0.1,1,8.39,2.12,4.24,0.13,0.29,0.33,0.26,0.07,0.06,552,-3.29215,9.9,0.77,33.58,0,,ours_DNA.csv
1,EVVVSETPKR-VLTYPEKVTR-a9-b7,C160,C160,xlink,intra-protein xl,AO-A244.05281.05281.4_AO-A244.05260.05260.4,11,407,396,AO-A244_matched,NA,2485.378,622.352,4,-0.4,0.4,5,10.23,1.55,3.1,0.21,0.29,0.29,0.17,0.12,0.05,272,-1.88653,15.2,0.51,32.46,0,,ours_DNA.csv
1,SISTSAKEPSENDVFYR-LKIQASDVNIIGK-a7-b2,C160,C160,xlink,intra-protein xl,AO-A243.07197.07197.4_AO-A243.07179.07179.4,1249,1216,33,AO-A243_matched,NA,3464.807,867.21,4,0.9,0.9,3,8.9,1.59,3.17,0.13,0.33,0.36,0.24,0.11,0.06,322,-1.88653,12.1,0.78,31.46,0,,ours_DNA.csv
1,MAKLNECPLDPGGYFIVNGTEK-SSSSTKDYLTPPHECR-a3-b6,C128,C128,xlink,intra-protein xl,AO-A242.07569.07569.5_AO-A242.07570.07570.5,173,109,64,AO-A242_matched,NA,4454.083,891.824,5,-1,1,3,6.98,1.54,3.07,0.14,0.23,0.5,0.47,0.03,0.08,616,-2.07368,4.2,0.24,31.02,0,,ours_DNA.csv
1,EIQEALSEKPTREPTPSVK-VHKSGK-a9-b3,C53,C53,xlink,intra-protein xl,AO-A243.03871.03871.4_AO-A243.03852.03852.4,226,367,141,AO-A243_matched,NA,2930.569,733.65,4,-0.9,0.9,5,7.66,1.44,2.89,0.17,0.18,0.45,0.42,0.03,0.06,550,-2.62504,7,0.52,30.06,0,,ours_DNA.csv
1,KIIKANQLILSDVDPEFYLK-K1-K4,C128,C128,intralink,intralink,AO-A272.09890.09890.3_AO-A272.09871.09871.3,75,78,-,AO-A272_matched,,2484.388,829.137,3.000,0.1,0.1,2,11.51,4.44,4.44,0.31,0.20,0.61,0.61,0.00,0.15,925,0.00000,17.8,0.24,46.40,0.000,,ours_DNA.csv
